nom,prenom,age,salaire,email,date_naissance
Maxwell,Matthew,33,145589,proctorjordan@example.com,1989-01-09
Hebert,Rachel,28,110695,jessebruce@example.org,1999-08-31
Mcguire,Jonathan,59,119138,adriennebautista@example.org,1984-08-26
Olsen,Jennifer,30,140589,maryleonard@example.com,1977-05-10
Meza,Jennifer,56,57789,guerrerorachel@example.net,1965-07-09
Smith,Stephen,58,74429,williamcollins@example.com,1964-03-14
Cherry,Savannah,22,104091,josephdixon@example.org,1962-09-14
Castro,Lisa,57,105490,garylewis@example.net,1999-07-15
Mcdonald,Jacob,54,148541,evelyn52@example.org,1979-09-06
Kelly,Christine,51,126305,krystalroberts@example.com,1973-01-03
Barnes,Christopher,23,71017,zreed@example.net,1981-09-09
Kelly,John,50,108590,cassie60@example.com,1967-04-12
Larson,Patricia,63,116549,nguyenmichael@example.com,2003-12-04
Johnson,Nathan,25,37241,adrienne43@example.com,1989-12-14
Fitzgerald,Vincent,27,49569,melissareed@example.net,1969-09-25
Schmidt,Kayla,39,56549,hjohnson@example.net,1992-10-23
Cannon,James,56,58893,juliedeleon@example.com,1987-02-25
Wallace,Mitchell,25,37010,hflores@example.net,1982-01-29
Jackson,Cynthia,54,74075,jennifer04@example.net,1966-03-29
Jones,Robin,27,125971,wallacejack@example.com,1990-03-01
Wright,Dale,64,42624,william47@example.com,1965-04-24
Deleon,Janet,48,59146,lisa47@example.net,1985-04-26
Gregory,Michael,44,121558,johnsonjohnny@example.com,1993-08-28
Rodriguez,Julie,42,40586,andrescobb@example.net,2000-01-27
Washington,Amanda,26,111862,kflynn@example.net,1983-03-27
West,Sarah,30,99734,michael59@example.net,1981-07-08
Gill,Rodney,62,149434,maddoxannette@example.net,1970-07-10
Murphy,Anthony,34,77298,coopermelissa@example.org,1998-09-23
Washington,Alec,43,138066,toni20@example.net,1965-08-25
Henry,Travis,52,42460,christina13@example.com,1964-01-20
Delgado,Ann,62,142378,llewis@example.org,1975-10-23
Taylor,Madison,44,56005,rday@example.org,1961-07-29
Wong,Shane,31,114348,jonesjamie@example.org,1978-08-18
Gray,Arthur,27,37300,martinprince@example.org,1995-07-22
Hudson,Shane,39,122821,harringtonnichole@example.org,2001-08-05
Mcdonald,Jerome,21,68717,cliffordnielsen@example.org,1976-05-31
Snyder,Nathan,59,147518,qpeterson@example.com,1968-05-05
Spencer,Kyle,55,42430,andrewsmith@example.net,1982-09-07
Roberson,Jamie,58,72479,nicholasvelasquez@example.com,1999-08-25
Hawkins,James,43,41206,annette61@example.org,1976-11-10
Weber,Alison,39,107131,tarablack@example.org,1987-03-30
Hensley,Randall,53,140683,kimberly65@example.com,1996-04-13
Murray,Brent,36,82450,matthewwhite@example.net,1991-10-26
Riggs,Lynn,64,128417,jamesperez@example.net,1968-09-30
Anderson,Cassie,58,41500,james48@example.com,1996-09-02
Stephens,Brian,54,104931,xbowman@example.net,1991-11-25
Mccormick,James,35,52760,hhensley@example.com,1961-08-02
Harris,Andrea,26,67492,adamjohnson@example.net,2003-12-09
Rodriguez,Dustin,39,83202,ricky53@example.com,1966-04-14
Hutchinson,Eric,24,35873,tsummers@example.net,1985-05-15
Sanchez,Jacqueline,31,95845,ramirezfrank@example.com,2000-06-05
Richardson,James,55,83623,steelericky@example.com,1995-12-09
Foster,Christopher,62,105928,sharonwoods@example.com,2001-08-26
Martin,Scott,65,73540,mwebb@example.net,1972-11-25
Cruz,Jared,64,37762,alexander95@example.org,1966-08-27
Best,Tiffany,44,148765,valeriestevens@example.com,1993-11-08
Anderson,Anthony,60,117983,tranvincent@example.org,1971-08-30
Powell,Kenneth,31,43240,amanda31@example.net,1987-09-07
Carpenter,Elizabeth,35,131713,kevingomez@example.com,1972-03-07
Romero,Nancy,50,73790,baileymichael@example.net,1961-10-22
Bryan,Sean,61,64270,kathleen34@example.com,1977-11-08
Allen,Randy,65,71898,tonynguyen@example.org,1995-06-16
Baird,Gregory,47,36234,cbolton@example.org,1969-03-21
Padilla,Christine,32,97200,michellewalton@example.org,2002-01-30
Jones,Lisa,38,149042,christophernichols@example.net,1975-02-04
Romero,Paula,34,41882,tammybeck@example.org,1998-03-10
Berry,Sherry,50,94999,cfisher@example.org,1984-04-26
Hall,Gary,24,45565,vflores@example.com,1978-10-08
Evans,Nancy,58,126778,rickyhansen@example.org,2002-05-17
Costa,Lindsey,32,32574,brendan24@example.org,2000-07-02
Hester,David,60,140510,rphillips@example.com,1989-02-12
Mitchell,Victoria,58,50472,tyrone52@example.org,1993-06-01
Rodriguez,Sean,39,98477,jasoncosta@example.net,1992-08-27
Watkins,James,26,145792,pwhitaker@example.com,1990-07-30
Lewis,Mary,29,125564,teresaford@example.org,1984-12-25
Kennedy,Justin,36,30309,daniel97@example.com,1959-09-02
Peterson,Stacy,65,63183,vkim@example.com,2001-05-22
Herring,John,36,96171,pbarton@example.org,1989-10-21
Bailey,Darin,38,90904,lisacunningham@example.com,1993-02-19
Wood,Margaret,49,118323,christopher47@example.com,1974-02-19
Wright,Rebecca,63,98427,sanchezjody@example.net,1985-01-27
Jones,John,28,39766,qpeterson@example.net,1981-04-02
Coleman,Robert,64,53111,sloanrobert@example.net,1967-09-23
Adams,Robert,21,121955,barbara95@example.net,1971-03-27
Anderson,Jennifer,49,41782,melissa48@example.com,1961-12-18
Johnson,Lisa,31,94180,kristine98@example.net,1974-04-27
Young,Adrian,36,75776,dglass@example.com,1996-08-28
King,Christopher,30,56808,dereksnow@example.org,1958-08-07
Davis,Kristina,39,143710,amorgan@example.org,1993-11-11
Hill,Andre,64,147468,smithbrenda@example.com,1972-06-24
Fox,Julie,53,99249,michaeloliver@example.org,1964-08-11
Barton,Maria,31,121588,christophercallahan@example.com,1979-02-05
Cook,Heidi,62,123716,diana12@example.org,1997-10-20
Harrison,Charles,42,123901,ashley46@example.net,1998-06-26
Bates,Charles,36,93370,michelle45@example.com,1971-01-28
Short,Valerie,51,130703,leahrusso@example.net,1992-03-18
Rodriguez,Amanda,47,104754,ddodson@example.org,1984-09-05
Collier,Mariah,53,139429,yflores@example.net,1978-08-21
Hayes,Matthew,45,101476,acarney@example.com,1968-07-21
Cantrell,John,38,112067,martinezamy@example.org,1976-05-29
